{
  "train_total": [
    0.10324988764100498,
    0.033077490179281625,
    0.02405984684985492,
    0.01875413982460487,
    0.016769546753649466,
    0.023073810663125402,
    0.01337795013463811,
    0.012873070108513174,
    0.013009907109456877,
    0.012228095901151089,
    0.010501251084279642,
    0.009170297795763165,
    0.009217608236643101,
    0.008379579012720503,
    0.008030055436035043,
    0.007383279664893752,
    0.0066518189242034354,
    0.007027841487815597,
    0.006247352822388939,
    0.0067913391391876705,
    0.0060457632334193915,
    0.008209376589698442,
    0.00540725751350187,
    0.0061590320861903336,
    0.005618489926011734,
    0.006126496827543851,
    0.003578760693685175,
    0.0036780704305671343,
    0.0035843399595213497,
    0.0038560325893254497,
    0.003771023389962903,
    0.0034712110733979935,
    0.0036914926618131618,
    0.003473911706491748,
    0.002512694674264853,
    0.002510938261249149,
    0.0024541262502609422,
    0.0024606142750558317,
    0.0024060901862865388,
    0.0024949535872243076,
    0.0025074644050469253,
    0.002503055028392188,
    0.0019159784066703235,
    0.0018717403544758074,
    0.0018365490872769537,
    0.0018669831010454045,
    0.001824735708941061,
    0.0015975806022877717,
    0.0015606002903079527,
    0.001539732202920213
  ],
  "train_disp": [
    0.02920111436162408,
    0.007734800089352418,
    0.006350143696803068,
    0.00546841354632905,
    0.00481599669947561,
    0.005726710209462431,
    0.004206285466710681,
    0.004033231192242147,
    0.004146102876427301,
    0.0038456648256427954,
    0.003624032854125995,
    0.0033877047889139204,
    0.003366409340169363,
    0.0033008038772456205,
    0.0030541383027483395,
    0.0030198460743172217,
    0.002868613644757377,
    0.002979590639743377,
    0.002759095599440095,
    0.002850811566477663,
    0.002683042007367731,
    0.0031257722066632956,
    0.0025879448605807885,
    0.0027213032474786803,
    0.0025645625355925545,
    0.0027423541926126,
    0.0018871459912105223,
    0.0018974895586212066,
    0.0018923841752495523,
    0.0018998327342513452,
    0.001892439476700967,
    0.0018165617071953123,
    0.0018809368193837225,
    0.0018419237243697832,
    0.0014422600428217881,
    0.0014634012736321137,
    0.0014179509515734852,
    0.0014009000815189722,
    0.001403757547984549,
    0.001404615317565097,
    0.0013807026830908197,
    0.0014000636996352558,
    0.001179116108177001,
    0.0011533374797260143,
    0.0011306253346134315,
    0.0011349488720177048,
    0.0011306368898775095,
    0.0010269607995721298,
    0.0010154518765620433,
    0.0009938817223783334
  ],
  "train_se": [
    0.03140364779574295,
    0.010970283326590584,
    0.007533575745862798,
    0.005656258709420408,
    0.005063106952131031,
    0.007381246220130434,
    0.0038734125617652148,
    0.003732632839779457,
    0.0038269393907577184,
    0.0035887706388479977,
    0.00293390709677005,
    0.002474592264767766,
    0.002515894266069724,
    0.002151046245032815,
    0.0021388559903628757,
    0.0018283974357856142,
    0.0015597030417032862,
    0.0016914732666275217,
    0.0014515718920744209,
    0.0016790869620511085,
    0.0013928512002039178,
    0.0021241682352591234,
    0.0011783959455250014,
    0.0014362418555917786,
    0.0012918237237248024,
    0.0014233263389057886,
    0.0007042226635653478,
    0.0007490805524356434,
    0.0007038248495893548,
    0.0008284977675437065,
    0.0007923189943129216,
    0.0006901173020938048,
    0.0007614540961256868,
    0.0006780750225753645,
    0.00044075957182032914,
    0.00042990286077793994,
    0.0004246118127166462,
    0.000439058000560927,
    0.0004130083118256538,
    0.00045524648028566353,
    0.00047705779294323524,
    0.000467282767622889,
    0.00030164118633040066,
    0.00029407415258333027,
    0.00028930479193725757,
    0.0003017286048299622,
    0.0002827796774517111,
    0.0002318358050272935,
    0.00022023876549745857,
    0.00022125157668005478
  ],
  "train_rf": [
    0.04264512539093193,
    0.01437240679326384,
    0.010176127411185001,
    0.007629467570631389,
    0.006890443143289903,
    0.009965854266166124,
    0.005298252134444654,
    0.005107206076580369,
    0.0050368648381871085,
    0.004793660430533173,
    0.0039433111164230115,
    0.003308000717994783,
    0.003335304622567514,
    0.0029277288789426145,
    0.002837061141392047,
    0.002535036140827293,
    0.0022235022501968143,
    0.0023567775786697332,
    0.002036685326367881,
    0.0022614406021120074,
    0.001969870013038505,
    0.0029594361797436177,
    0.001640916708306268,
    0.002001486980389309,
    0.0017621036668497754,
    0.0019608162915189186,
    0.000987392037399724,
    0.0010315003179008045,
    0.0009881309367248165,
    0.0011277020927140324,
    0.0010862649171952368,
    0.0009645320580594531,
    0.0010491017502664022,
    0.0009539129518099984,
    0.0006296750559042826,
    0.0006176341254627126,
    0.0006115634824410557,
    0.000620656191594,
    0.0005893243228133824,
    0.0006350917858604419,
    0.0006497039316213369,
    0.0006357085610618942,
    0.00043522111010944794,
    0.0004243287199908906,
    0.00041661895875048964,
    0.00043030562489147886,
    0.0004113191384816802,
    0.0003387839958402218,
    0.0003249096435476606,
    0.00032459890073998943
  ],
  "val_total": [
    0.047046997323177936,
    0.022394695211338196,
    0.02481061659707892,
    0.012652372867550428,
    0.08570970857243349,
    0.013646325386106604,
    0.011444842252630467,
    0.00715791593907719,
    0.009061040271573314,
    0.010682154850034816,
    0.009674546791513155,
    0.007155304283426121,
    0.007063014662779141,
    0.007426101680299858,
    0.006398556966947891,
    0.005993504903460966,
    0.008027822560085574,
    0.006463047957456693,
    0.0049069122632783724,
    0.007055563227523391,
    0.019503871932989213,
    0.004484421995229929,
    0.0059596886120100575,
    0.005105980467505571,
    0.010841053632292442,
    0.007830103771284042,
    0.002892438560815119,
    0.0035997735927017723,
    0.004035909326531265,
    0.002875793571214805,
    0.00461600191902551,
    0.004602200468070805,
    0.00353116877717761,
    0.0032689232171922013,
    0.0023226552485295275,
    0.0024707835769598803,
    0.002142513903403064,
    0.0020468607679770398,
    0.0040072415807716,
    0.002183343992971747,
    0.002670513257304797,
    0.00363101187252962,
    0.0016052297912055355,
    0.001961284874308082,
    0.0017296688925054651,
    0.0016746038216785186,
    0.0021742960919410264,
    0.0013680710931444858,
    0.0012391758734848714,
    0.0012732382832526614
  ],