{
  "train_total": [
    0.17599827066507165,
    0.04047678873826651,
    0.02905679529448964,
    0.023583843833805948,
    0.020326215157911897,
    0.019465045918213967,
    0.017165606097310417,
    0.015289476503277784,
    0.014171450577525693,
    0.014278928416800308,
    0.012419172306207643,
    0.01183896579493397,
    0.010830161102758301,
    0.011497464370192757,
    0.00939468773008018,
    0.005786469333373937,
    0.006051490352219816,
    0.006313067318162647,
    0.005547576375599755,
    0.006011568773878862,
    0.0055075262147154655,
    0.005704117473747658,
    0.0038144322002802433,
    0.003447894154018477,
    0.003600920652466294,
    0.0036503138259681217,
    0.00344363462448427,
    0.0034150369666924546,
    0.003648147147065732,
    0.003786285504987172,
    0.002713566210865406,
    0.0024424878875764044,
    0.0024337019292001195,
    0.0023813999900352822,
    0.0024406116331119766,
    0.0023479573174666054,
    0.0023646728255701465,
    0.002335930834090995,
    0.002226273179186393,
    0.0023230205929904188,
    0.0022776172231580185,
    0.002270370080866755,
    0.0021905643761749036,
    0.0022503411399824283,
    0.0021787645259032395,
    0.0022663028863159915,
    0.0017403896760748178,
    0.0016855408730941542,
    0.0016296062256905026,
    0.0016313589635872708
  ],
  "train_disp": [
    0.09587014590274233,
    0.01957903627567647,
    0.013719272675116289,
    0.011088631960508662,
    0.009547902208992333,
    0.008710132824778442,
    0.007692243123866055,
    0.006913992660837624,
    0.0063927781666557265,
    0.00633096196660296,
    0.0056498420151614055,
    0.005556767233302866,
    0.004852736315140849,
    0.005234984370569388,
    0.004317829231600171,
    0.0029167887708740517,
    0.002937359877714275,
    0.0031207875040673077,
    0.0026835286151546726,
    0.002927587413680857,
    0.0026875706001495323,
    0.002733675487734474,
    0.0020534372786386755,
    0.0018626387486970271,
    0.0019292996051344057,
    0.0018963532492661925,
    0.0018276191709213623,
    0.0018123063370002921,
    0.0018535966724391763,
    0.0018220915873609568,
    0.0015087238345813775,
    0.0014073417274619528,
    0.0013986012389035191,
    0.0013796765080913845,
    0.0013801831053925108,
    0.0013359285869122739,
    0.0013438177598366111,
    0.0013216603888766335,
    0.0012873887828292652,
    0.0013112339455670587,
    0.0012902034529890442,
    0.0012861199844909177,
    0.0012635962053629747,
    0.0012681634234787342,
    0.0012530496284119859,
    0.0010840661199848665,
    0.0010773454376153257,
    0.0010459722684569156,
    0.0010242869561658157,
    0.0010132053897618071
  ],
  "train_se": [
    0.03475079202383734,
    0.009488137093288107,
    0.0068885199492086865,
    0.005617632673951015,
    0.00484961552818396,
    0.004874804493449742,
    0.0043006825847689755,
    0.003755862255551242,
    0.0034942302360390486,
    0.0035907952814674803,
    0.0030654822541031387,
    0.0028011757945006076,
    0.002656214704214397,
    0.002812121617487006,
    0.002241506086596523,
    0.0012444732755784536,
    0.0013619423969348638,
    0.00140809111122552,
    0.0012620430095215392,
    0.0013619660367043,
    0.001241698677019869,
    0.0013101998152542352,
    0.0007514415597673654,
    0.0006725464833503934,
    0.000714030050053041,
    0.000758575729002894,
    0.0006916380168283663,
    0.000689228004884276,
    0.0007808833304281339,
    0.0008592756481083397,
    0.0005090157140987093,
    0.0004318531004926968,
    0.0004344788960556441,
    0.0004145387477501815,
    0.0004480023035603951,
    0.0004242620664139184,
    0.0004315686401588562,
    0.0004296515324522587,
    0.00039029764255588167,
    0.0004260315582992045,
    0.0004178003189869244,
    0.0004172619774430677,
    0.00039048393578614015,
    0.000417608079889613,
    0.00038951567228672873,
    0.0005468435530587807,
    0.00026767053463836636,
    0.0002589079678192444,
    0.000245490165661179,
    0.0002498017458199782
  ],
  "train_rf": [
    0.04537733277720829,
    0.011409615375517856,
    0.008449002651250506,
    0.006877579228205906,
    0.005928697446531678,
    0.00588010858116042,
    0.0051726803378380325,
    0.004619621579030218,
    0.0042844421730549405,
    0.0043571711998982715,
    0.0037038480482205556,
    0.003481022761980161,
    0.003321210068951039,
    0.003450358400295732,
    0.002835352404624178,
    0.0016252072759325709,
    0.0017521880799904466,
    0.0017841886937235356,
    0.0016020047561626763,
    0.0017220153120608502,
    0.0015782569416308127,
    0.0016602421677841866,
    0.0010095533639720756,
    0.0009127089177087108,
    0.000957590995647168,
    0.0009953848422934038,
    0.0009243774412188843,
    0.0009135026231651073,
    0.00101366714747288,
    0.001104918265866022,
    0.0006958266569572855,
    0.0006032930596495043,
    0.0006006217918322869,
    0.0005871847298980707,
    0.0006124262224829917,
    0.0005877666601777634,
    0.0005892864202134472,
    0.0005846189109195261,
    0.0005485867548279832,
    0.0005857550856776494,
    0.0005696134507214057,
    0.0005669881201371043,
    0.0005364842324561711,
    0.0005645696341277127,
    0.0005361992228291552,
    0.0006353931920105644,
    0.0003953737028582131,
    0.00038066063281649496,
    0.00035982910283677093,
    0.00036835182543586825
  ],
  "val_total": [
    0.047199416383192305,
    0.04579620560767447,
    0.024835909432845145,
    0.022897782059749815,
    0.014435582533024433,
    0.015038700456299433,
    0.012520375482669873,
    0.015738558455756526,
    0.015628363267041562,
    0.01549826621180173,
    0.008948327496466114,
    0.011079181263950176,
    0.00943562102492717,
    0.01470041427216152,
    0.009169276732746966,
    0.006424320556461902,
    0.0069194436783152746,
    0.0058749749285464245,
    0.005985793504273382,
    0.005955746381759371,
    0.005890122205927604,
    0.006865613741754759,
    0.003680448192626056,
    0.003891704223550311,
    0.005321004312973833,
    0.0034249402531536252,
    0.0038409772039413818,
    0.003857805991329525,
    0.004116294719562753,
    0.006741507890316226,
    0.0031545286076768053,
    0.003048371954497359,
    0.002718626322060051,
    0.003174835239627921,
    0.0027988642090704383,
    0.0027572619224750868,
    0.002702931500829347,
    0.0027696464626720493,
    0.002783509043738155,
    0.002935855769376248,
    0.0025894325957690344,
    0.002686838987113045,
    0.003084825506581493,
    0.003017793025497756,
    0.0032429116878874326,
    0.003950314366304111,
    0.0022341524316111536,
    0.002430877343058677,
    0.0024802562121937913,
    0.002243563237531883
  ],